pool_id,chain,partner,earned_fees,amount,target,pool_type
0x6b61d8680c4f9e560c8306807908553f95c749c5,mainnet,QuantAMM,101.7291712442240705396942783,50.86458562211203526984713910,0xd785201fd2D9be7602F6682296Bb415530C027Ef,non-core
0xd4ed17bbf48af09b87fd7d8c60970f5da79d4852,mainnet,QuantAMM,0.000182272387724847342827507550,0.00008202257447618130427237839741,0xd785201fd2D9be7602F6682296Bb415530C027Ef,non-core
0xb4161aea25bd6c5c8590ad50deb4ca752532f05d,base,QuantAMM,21.71135980751916935682532963,10.85567990375958467841266482,0xd785201fd2D9be7602F6682296Bb415530C027Ef,non-core
