pool_id,chain,partner,earned_fees,amount,target,pool_type
0xb4161aea25bd6c5c8590ad50deb4ca752532f05d,base,QuantAMM,14.54822742196047191144034889,7.018913717410954499954392190,0xd785201fd2D9be7602F6682296Bb415530C027Ef,non-core
0x6b61d8680c4f9e560c8306807908553f95c749c5,mainnet,QuantAMM,240.3390063630715461057530176,94.93825156302246475757910775,0xd785201fd2D9be7602F6682296Bb415530C027Ef,non-core
0xd4ed17bbf48af09b87fd7d8c60970f5da79d4852,mainnet,QuantAMM,0.000194549832528215676302620310,0.00006916563024640617556479911198,0xd785201fd2D9be7602F6682296Bb415530C027Ef,non-core
